"Name","Category","id","UserID"
"00ce768a8138c780.jpg","Architecture",1,1
"00a0c5ea5b4f3989.jpg","Architecture",12,1
"00e194d3c0fd8930.jpg","Transport",18,2
"0a1a83baada2c980.jpg","Food",52,5
"00cc8d22e4dda41d.jpg","Food",56,5
"00b6654f37f1f655.jpg","Clothing",41,4
"00a7e701513637f3.jpg","Transport",6,1
"00cca80fa3aa5b1b.jpg","Transport",8,1
"00af791d51628542.jpg","Clothing",11,1
"000a017e2b7063a7.jpg","Transport",13,1
"0a5b90cee67825ab.jpg","Food",16,2
"00a99c2260adb717.jpg","Architecture",36,3
"00c2db0fd32a0f2b.jpg","Architecture",40,4
"00c37dc70d8f99ff.jpg","Transport",44,4
"00c646245b319944.jpg","Transport",45,4
"00c2f730d2f44390.jpg","Food",47,4
"0aa1cc57022a5f64.jpg","Transport",59,5
"0a4491cb52b6bbae.jpg","Architecture",60,5
"0b2b3c70fc932a29.jpg","Architecture",64,6
"0b02ce58e075aac1.jpg","Architecture",68,6
"0ab80403286ef8cd.jpg","Transport",69,6
"00cec5b9044323ca.jpg","Transport",2,1
"00b01c5b231e0853.jpg","Architecture",30,3
"00caaabba2ab255e.jpg","Transport",46,4
"0a1b133358b1ce7e.jpg","Architecture",49,5
"00cf98476d5c76a4.jpg","Food",3,1
"00b2493f0d5b8501.jpg","Food",4,1
"0a6b1ead3def6ed8.jpg","Architecture",19,2
"0a4bcc3cc7630547.jpg","Food",20,2
"000f18da4c446aab.jpg","Food",21,2
"0a23df4b6f448339.jpg","Architecture",27,2
"0a0af2d7a6a47564.jpg","Transport",28,2
"0a0e21e69217f83f.jpg","Architecture",29,2
"00d8d8a2fe276b66.jpg","Architecture",58,5
"00a44dc6f7b7e8da.jpg","Architecture",5,1
"00cb389da529ba46.jpg","Transport",9,1
"00caf762535ab020.jpg","Clothing",55,5
"0a50de9d83760958.jpg","Architecture",57,5
"0ab113d8852dddd7.jpg","Architecture",65,6
"0d4fe6fb4e596015.jpg","Food",80,8
"00ae9e06200fd476.jpg","Transport",10,1
"000d6aba3b0af069.jpg","Architecture",32,3
"0af0823283461fd5.jpg","Architecture",66,6
"0000d67245642c5f.jpg","Transport",7,1
"00c9df88b4cafdd7.jpg","Architecture",33,3
"00b452f07273b555.jpg","Architecture",38,3
"0a7aa2105f4fd102.jpg","Architecture",51,5
"0ab7dec6b7126f97.jpg","Architecture",53,5
"0aa3e823c92a41fe.jpg","Architecture",54,5
"00d3ef1c8cbca06f.jpg","Architecture",61,5
"0add150db0dcd4e2.jpg","Transport",62,6
"0ae4592599b6392d.jpg","Transport",63,6
"0af80fe4eac726b4.jpg","Architecture",67,6
"00aaab0957a2f14d.jpg","Architecture",37,3
"0a9e166c53077966.jpg","Transport",25,2
"00b4f59578b53599.jpg","Transport",14,1
"00b82a370e0157c5.jpg","Food",17,2
"00ba61f8cfacadd4.jpg","Transport",26,2
"00ae3a33d8af4b33.jpg","Architecture",35,3
"000b39037205b35d.jpg","Food",42,4
"0b54285de22a8d98.jpg","Food",70,7
"0a0c54875010ccb1.jpg","Architecture",71,7
"0bb541d831c8c795.jpg","Food",72,7
"0bbef3ee5fb3fb79.jpg","Food",73,7
"0a307a7fcaa40ebd.jpg","Food",74,7
"00d707ca12ebff5a.jpg","Food",76,7
"0bebebf48acb4376.jpg","Food",81,8
"0c0f3cde17d19338.jpg","Food",82,8
"0be4786e4b22731a.jpg","Food",84,8
"0c111491937b45ca.jpg","Food",85,8
"0c65a92b784a8e6c.jpg","Food",86,8
"0c237900f4a2e85b.jpg","Food",87,8
"0be05cfdb62c6cd6.jpg","Food",89,8
"0cfd3d79d163c6ee.jpg","Food",90,8
"000fbd342baaadd3.jpg","Transport",15,1
"0bb8df5347de3037.jpg","Food",75,7
"00bc9b1755666e9f.jpg","Food",77,7
"0b1d64fd0def63a5.jpg","Food",78,7
"0c8ee018bf618ca7.jpg","Food",79,8
"0c5af399a690398d.jpg","Food",83,8
"0cef58212facf8b4.jpg","Food",88,8
"00b1907ffd004851.jpg","Food",24,2
"00b2ee921120d1a0.jpg","Transport",22,2
"00dbd5dff10261ab.jpg","Transport",23,2
"00c689b1bb4ae4a0.jpg","Transport",39,4
"00ab9f96dbd14fab.jpg","Architecture",31,3
"00bbf04e4c98bc11.jpg","Architecture",43,4
"0a99b9a7f26038b3.jpg","Architecture",50,5
"00c4de6e6d3fd111.jpg","Architecture",34,3
"00b0508b8267915e.jpg","Architecture",48,5
