,id,first_name,last_name,email,gender,City,Country,Age,Profession,Architecture,Clothing,Food,Transport,MainCategory
0,1,Wheeler,Weatherill,wweatherill0@pagesperso-orange.fr,1,66,0,24,6,1,1,0,3,2
1,2,Tremaine,Olivazzi,tolivazzi1@miibeian.gov.cn,1,0,0,28,2,2,0,0,3,2
2,3,Fin,Faragher,ffaragher2@ovh.net,1,70,0,44,4,5,0,0,0,0
3,4,Candis,Lewsy,clewsy3@usda.gov,0,64,0,33,9,1,0,1,3,2
4,5,Letizia,Brauninger,lbrauninger4@facebook.com,0,25,0,40,3,4,0,0,1,0
5,6,Karmen,Kinane,kkinane5@statcounter.com,0,12,0,52,5,4,0,0,1,0
6,7,Darin,Moran,dmoran6@behance.net,1,67,0,32,2,0,0,5,0,1
7,8,Elicia,Buxsey,ebuxsey7@paginegialle.it,0,35,0,25,2,0,0,5,0,1
8,9,Saundra,Solloway,ssolloway8@ebay.com,0,54,0,35,6,1,1,0,3,2
9,10,Tades,Glyn,tglyn9@prweb.com,1,27,0,23,11,2,0,0,3,2
10,11,Arney,Canwell,acanwella@prnewswire.com,1,15,0,40,0,5,0,0,0,0
11,12,Packston,Walewicz,pwalewiczb@amazon.co.jp,1,10,0,47,3,1,0,1,3,2
12,13,Lorrie,Markwelley,lmarkwelleyc@printfriendly.com,0,16,0,27,10,4,0,0,1,0
13,14,Lianne,Isham,lishamd@si.edu,0,29,0,39,10,4,0,0,1,0
14,15,Gregory,Kops,gkopse@elegantthemes.com,1,18,0,31,3,0,0,5,0,1
15,16,Hermon,Thrower,hthrowerf@pcworld.com,1,50,0,22,0,0,0,5,0,1
16,17,Alfie,Emblow,aemblowg@youku.com,1,40,0,47,0,1,1,0,3,2
17,18,Yoshi,McBain,ymcbainh@biblegateway.com,0,46,0,31,9,2,0,0,3,2
18,19,Silvester,Tellenbach,stellenbachi@marriott.com,1,56,0,40,3,5,0,0,0,0
19,20,Frederica,Syratt,fsyrattj@vistaprint.com,0,69,0,37,11,1,0,1,3,2
20,21,Tobe,Mamwell,tmamwellk@phpbb.com,1,72,0,21,10,4,0,0,1,0
21,22,Rurik,Nicolls,rnicollsl@macromedia.com,1,31,0,23,5,4,0,0,1,0
22,23,Fidelity,Ledbury,fledburym@europa.eu,0,47,0,55,10,0,0,5,0,1
23,24,Prentice,Hellwig,phellwign@netscape.com,1,59,0,48,9,0,0,5,0,1
24,25,Gwendolen,Karolczyk,gkarolczyko@deviantart.com,0,8,0,32,8,1,1,0,3,2
25,26,Bartholomeus,Ruberry,bruberryp@reverbnation.com,1,36,0,24,10,2,0,0,3,2
26,27,Leon,Stoffels,lstoffelsq@ox.ac.uk,1,52,0,24,2,5,0,0,0,0
27,28,Constantine,Simeons,csimeonsr@mysql.com,0,1,0,39,4,1,0,1,3,2
28,29,Marita,Samples,msampless@nationalgeographic.com,0,43,0,53,2,4,0,0,1,0
29,30,Fax,Figger,ffiggert@blogger.com,1,29,0,26,7,4,0,0,1,0
30,31,Pollyanna,Pero,pperou@ca.gov,0,45,0,22,2,0,0,5,0,1
31,32,Waverley,Grumell,wgrumellv@time.com,1,40,0,45,9,0,0,5,0,1
32,33,Garrick,Geffe,ggeffew@bizjournals.com,1,10,0,34,7,1,1,0,3,2
33,34,Davy,Ashborn,dashbornx@lulu.com,1,57,0,25,8,2,0,0,3,2
34,35,Iorgos,Donlon,idonlony@cisco.com,1,6,0,37,8,5,0,0,0,0
35,36,Alejandro,Pudding,apuddingz@accuweather.com,1,46,0,18,5,1,0,1,3,2
36,37,Eada,Bleasdale,ebleasdale10@bloglines.com,0,49,0,22,3,4,0,0,1,0
37,38,Andre,Grzegorzewski,agrzegorzewski11@smh.com.au,1,5,0,52,0,4,0,0,1,0
38,39,Mireille,World,mworld12@psu.edu,0,7,0,36,8,0,0,5,0,1
39,40,Rickert,Tyson,rtyson13@ifeng.com,1,44,0,33,9,0,0,5,0,1
40,41,Pincus,Domniney,pdomniney14@hugedomains.com,1,35,0,47,5,1,1,0,3,2
41,42,Rossy,Wolfinger,rwolfinger15@sciencedirect.com,1,17,0,40,9,2,0,0,3,2
42,43,Bari,Blewitt,bblewitt16@jimdo.com,0,11,0,23,3,5,0,0,0,0
43,44,Kally,Kivelle,kkivelle17@nifty.com,0,48,0,38,0,1,0,1,3,2
44,45,Corella,Wetherburn,cwetherburn18@wikimedia.org,0,26,0,52,1,4,0,0,1,0
45,46,Eleen,Cheel,echeel19@lulu.com,0,19,0,55,2,4,0,0,1,0
46,47,Sibbie,Deluce,sdeluce1a@answers.com,0,28,0,32,1,0,0,5,0,1
47,48,Vinnie,Conboy,vconboy1b@imgur.com,1,61,0,21,4,0,0,5,0,1
48,49,Lutero,Garretts,lgarretts1c@mlb.com,1,30,0,20,0,1,1,0,3,2
49,50,Aurea,Formilli,aformilli1d@drupal.org,0,26,0,55,11,0,0,0,5,2
50,51,Leonanie,Vamplus,lvamplus1e@so-net.ne.jp,0,4,0,46,8,5,0,0,0,0
51,52,Felix,Boulden,fboulden1f@google.com.br,1,5,0,25,8,1,0,1,3,2
52,53,Ignace,Iban,iiban1g@epa.gov,1,63,0,20,8,3,1,0,1,0
53,54,Luke,Broek,lbroek1h@slideshare.net,1,33,0,29,9,3,0,2,0,0
54,55,Winnie,Ciobutaru,wciobutaru1i@thetimes.co.uk,0,62,0,35,4,1,0,4,0,1
55,56,Rene,Minnis,rminnis1j@marketwatch.com,0,63,0,36,9,0,0,4,1,1
56,57,Bendick,Tume,btume1k@jimdo.com,1,10,0,37,1,1,1,0,3,2
57,58,Elliot,Clemmow,eclemmow1l@columbia.edu,1,55,0,48,3,1,1,1,2,2
58,59,Cynthy,Nockells,cnockells1m@domainmarket.com,0,20,0,43,0,2,1,1,1,0
59,60,Darelle,Dangl,ddangl1n@lycos.com,0,14,0,48,2,1,0,1,3,2
60,61,Nikita,Kiehl,nkiehl1o@imgur.com,1,2,0,21,2,3,0,1,1,0
61,62,Margarethe,Nayshe,mnayshe1p@arstechnica.com,0,26,0,49,11,3,1,1,0,0
62,63,Maurits,Olman,molman1q@ed.gov,1,13,0,24,7,2,0,3,0,1
63,64,Druci,Lincoln,dlincoln1r@smugmug.com,0,24,0,18,3,0,1,4,0,1
64,65,Billye,Porch,bporch1s@wikia.com,0,40,0,21,10,1,0,1,3,2
65,66,Rosy,Kennaird,rkennaird1t@nytimes.com,0,44,0,43,1,0,2,0,3,2
66,67,Gillan,MacNair,gmacnair1u@infoseek.co.jp,0,71,0,20,4,3,0,1,1,0
67,68,Olia,Sargison,osargison1v@blinklist.com,0,21,0,49,8,1,0,1,3,2
68,69,Caritta,Tomaszewicz,ctomaszewicz1w@amazon.com,0,58,0,40,10,3,0,1,1,0
69,70,Manda,Giacubo,mgiacubo1x@hhs.gov,0,42,0,45,2,4,0,0,1,0
70,71,Ardeen,Restill,arestill1y@miibeian.gov.cn,0,53,0,42,0,0,2,3,0,1
71,72,Glynnis,Grimble,ggrimble1z@ifeng.com,0,60,0,24,10,0,0,3,2,1
72,73,Percival,Scotchforth,pscotchforth20@prweb.com,1,39,0,24,11,1,1,0,3,2
73,74,Augy,Farncomb,afarncomb21@cmu.edu,1,22,0,37,7,1,0,0,4,2
74,75,Barthel,McNutt,bmcnutt22@blogs.com,1,44,0,54,7,4,0,1,0,0
75,76,Fidole,Cluett,fcluett23@bloglovin.com,1,61,0,50,8,1,0,1,3,2
76,77,Kirby,Matz,kmatz24@bbb.org,0,41,0,39,11,3,1,0,1,0
77,78,Tadeo,Charlton,tcharlton25@msn.com,1,69,0,54,11,3,0,0,2,0
78,79,Mirilla,Stroulger,mstroulger26@goodreads.com,0,9,0,27,11,0,0,3,2,1
79,80,Arlyne,Follitt,afollitt27@google.com.hk,0,42,0,25,6,1,1,2,1,1
80,81,Baudoin,Hekkert,bhekkert28@gizmodo.com,1,51,0,32,3,1,1,0,3,2
81,82,Fletcher,Gianulli,fgianulli29@sfgate.com,1,0,0,19,1,1,0,1,3,2
82,83,Lorene,Bottle,lbottle2a@dailymotion.com,0,23,0,40,7,3,0,1,1,0
83,84,Anderea,Renfree,arenfree2b@slideshare.net,0,70,0,42,7,1,0,1,3,2
84,85,Randolph,Shilliday,rshilliday2c@google.pl,1,55,0,43,5,3,0,1,1,0
85,86,Livvyy,Cuerdall,lcuerdall2d@elpais.com,0,3,0,52,3,2,1,1,1,0
86,87,Urbanus,Pendergrast,upendergrast2e@epa.gov,1,22,0,29,5,0,0,4,1,1
87,88,Esme,Temby,etemby2f@phoca.cz,0,27,0,42,9,0,2,3,0,1
88,89,Holmes,Loudiane,hloudiane2g@google.it,1,1,0,43,9,1,1,0,3,2
89,90,Sorcha,Gothrup,sgothrup2h@samsung.com,0,68,0,53,0,1,0,1,3,2
90,91,Chas,Mullaney,cmullaney2i@mediafire.com,1,69,0,53,7,4,0,0,1,0
91,92,Mallissa,Symcox,msymcox2j@va.gov,0,57,0,27,11,0,1,1,3,2
92,93,Errick,Dunthorne,edunthorne2k@zdnet.com,1,32,0,37,3,3,0,1,1,0
93,94,Kamillah,Gurys,kgurys2l@oakley.com,0,55,0,41,5,3,1,0,1,0
94,95,Jerry,Tampin,jtampin2m@engadget.com,1,38,0,30,2,0,0,4,1,1
95,96,Mahmoud,Davidsen,mdavidsen2n@nymag.com,1,43,0,32,10,1,0,4,0,1
96,97,Hope,French,hfrench2o@buzzfeed.com,0,34,0,55,10,1,2,0,2,2
97,98,Isiahi,Gothliff,igothliff2p@wordpress.org,1,71,0,48,9,2,1,0,2,2
98,99,Rose,Shapter,rshapter2q@stumbleupon.com,0,65,0,39,9,3,2,0,0,0
99,100,Mozelle,Gatrell,mgatrell2r@mapy.cz,0,37,0,26,2,1,1,1,2,2
