b5199a3421ec4356.jpg,Person,99.82955933,13,Killorglin,Ireland,-9.7850991,52.1058991,none
b5199a3421ec4356.jpg,Human,99.82955933,13,Killorglin,Ireland,-9.7850991,52.1058991,none
b5199a3421ec4356.jpg,Musician,93.56417847,13,Killorglin,Ireland,-9.7850991,52.1058991,none
b5199a3421ec4356.jpg,Musical Instrument,93.56417847,13,Killorglin,Ireland,-9.7850991,52.1058991,none
b5199a3421ec4356.jpg,Microphone,87.40448761,13,Killorglin,Ireland,-9.7850991,52.1058991,none
b5199a3421ec4356.jpg,Electrical Device,87.40448761,13,Killorglin,Ireland,-9.7850991,52.1058991,none
b5199a3421ec4356.jpg,Leisure Activities,71.01825714,13,Killorglin,Ireland,-9.7850991,52.1058991,none
31e13dd05060b9a1.jpg,Person,99.61683655,13,Charlton,United Kingdom,-1.407848,51.59119,none
31e13dd05060b9a1.jpg,Grass,98.94718933,13,Charlton,United Kingdom,-1.407848,51.59119,Food
31e13dd05060b9a1.jpg,Plant,98.94718933,13,Charlton,United Kingdom,-1.407848,51.59119,Nature
31e13dd05060b9a1.jpg,Meal,98.54180145,13,Charlton,United Kingdom,-1.407848,51.59119,Food
31e13dd05060b9a1.jpg,Outdoors,95.62802887,13,Charlton,United Kingdom,-1.407848,51.59119,Nature
31e13dd05060b9a1.jpg,Vacation,94.23402405,13,Charlton,United Kingdom,-1.407848,51.59119,none
31e13dd05060b9a1.jpg,Nature,90.05196381,13,Charlton,United Kingdom,-1.407848,51.59119,Nature
31e13dd05060b9a1.jpg,Chair,89.55325317,13,Charlton,United Kingdom,-1.407848,51.59119,Architecture
31e13dd05060b9a1.jpg,Leisure Activities,87.08245087,13,Charlton,United Kingdom,-1.407848,51.59119,none
31e13dd05060b9a1.jpg,Field,86.13983154,13,Charlton,United Kingdom,-1.407848,51.59119,Nature
164bfbc69af1d544.jpg,Person,99.95860291,13,Merton,United Kingdom,-0.2050566,51.4255297,none
164bfbc69af1d544.jpg,Human,99.95860291,13,Merton,United Kingdom,-0.2050566,51.4255297,none
164bfbc69af1d544.jpg,Electrical Device,90.9337616,13,Merton,United Kingdom,-0.2050566,51.4255297,none
164bfbc69af1d544.jpg,Microphone,90.9337616,13,Merton,United Kingdom,-0.2050566,51.4255297,none
164bfbc69af1d544.jpg,Apparel,77.26071167,13,Merton,United Kingdom,-0.2050566,51.4255297,Adventure
164bfbc69af1d544.jpg,Clothing,77.26071167,13,Merton,United Kingdom,-0.2050566,51.4255297,Adventure
164bfbc69af1d544.jpg,Crowd,75.03131104,13,Merton,United Kingdom,-0.2050566,51.4255297,Adventure
cdb4402664af3287.jpg,Human,99.75016785,13,Sutton,United Kingdom,-0.193961,51.3614279,none
cdb4402664af3287.jpg,Person,99.75016785,13,Sutton,United Kingdom,-0.193961,51.3614279,none
cdb4402664af3287.jpg,School,98.14685822,13,Sutton,United Kingdom,-0.193961,51.3614279,none
cdb4402664af3287.jpg,Indoors,97.06958771,13,Sutton,United Kingdom,-0.193961,51.3614279,Architecture
cdb4402664af3287.jpg,Classroom,97.06958771,13,Sutton,United Kingdom,-0.193961,51.3614279,none
cdb4402664af3287.jpg,Room,97.06958771,13,Sutton,United Kingdom,-0.193961,51.3614279,Architecture
cdb4402664af3287.jpg,Kindergarten,85.39663696,13,Sutton,United Kingdom,-0.193961,51.3614279,none
cdb4402664af3287.jpg,Clothing,80.34366608,13,Sutton,United Kingdom,-0.193961,51.3614279,Adventure
cdb4402664af3287.jpg,Shoe,77.27338409,13,Sutton,United Kingdom,-0.193961,51.3614279,Adventure
cdb4402664af3287.jpg,Footwear,77.27338409,13,Sutton,United Kingdom,-0.193961,51.3614279,Adventure
6e437afb4ceb4d16.jpg,Building,98.68682861,13,Swindon,United Kingdom,-1.7880953,51.5487433,Architecture
6e437afb4ceb4d16.jpg,Architecture,98.68682861,13,Swindon,United Kingdom,-1.7880953,51.5487433,Architecture
6e437afb4ceb4d16.jpg,Tower,98.27490234,13,Swindon,United Kingdom,-1.7880953,51.5487433,Architecture
6e437afb4ceb4d16.jpg,Bell Tower,93.36727905,13,Swindon,United Kingdom,-1.7880953,51.5487433,Architecture
6e437afb4ceb4d16.jpg,Car,92.84179688,13,Swindon,United Kingdom,-1.7880953,51.5487433,Adventure
6e437afb4ceb4d16.jpg,Spire,92.71255493,13,Swindon,United Kingdom,-1.7880953,51.5487433,Architecture
6e437afb4ceb4d16.jpg,Urban,92.51826477,13,Swindon,United Kingdom,-1.7880953,51.5487433,Architecture
6e437afb4ceb4d16.jpg,City,92.51826477,13,Swindon,United Kingdom,-1.7880953,51.5487433,Architecture
6e437afb4ceb4d16.jpg,Downtown,92.51826477,13,Swindon,United Kingdom,-1.7880953,51.5487433,Architecture
6e437afb4ceb4d16.jpg,Tree,89.85826111,13,Swindon,United Kingdom,-1.7880953,51.5487433,Nature
dc5e63f3a5676e07.jpg,Person,96.22299194,13,Shankill,Ireland,-6.124065,53.231395,none
dc5e63f3a5676e07.jpg,Human,96.22299194,13,Shankill,Ireland,-6.124065,53.231395,none
dc5e63f3a5676e07.jpg,Armor,93.78113556,13,Shankill,Ireland,-6.124065,53.231395,none
dc5e63f3a5676e07.jpg,Knight,82.80324554,13,Shankill,Ireland,-6.124065,53.231395,none
dc5e63f3a5676e07.jpg,Face,81.78334045,13,Shankill,Ireland,-6.124065,53.231395,none
dc5e63f3a5676e07.jpg,Clothing,75.30883026,13,Shankill,Ireland,-6.124065,53.231395,Adventure
dc5e63f3a5676e07.jpg,Helmet,75.30883026,13,Shankill,Ireland,-6.124065,53.231395,Adventure
dc5e63f3a5676e07.jpg,Apparel,75.30883026,13,Shankill,Ireland,-6.124065,53.231395,Adventure
f9e95f858b4bdc61.jpg,Food,99.31171417,13,Cill Airne,Ireland,-6.2890702,53.3201497,Food
f9e95f858b4bdc61.jpg,Bread,99.31171417,13,Cill Airne,Ireland,-6.2890702,53.3201497,Food
f9e95f858b4bdc61.jpg,Bun,95.66324615,13,Cill Airne,Ireland,-6.2890702,53.3201497,Food
f9e95f858b4bdc61.jpg,Cream,92.78427887,13,Cill Airne,Ireland,-6.2890702,53.3201497,none
f9e95f858b4bdc61.jpg,Dessert,92.78427887,13,Cill Airne,Ireland,-6.2890702,53.3201497,Food
f9e95f858b4bdc61.jpg,Ice Cream,92.78427887,13,Cill Airne,Ireland,-6.2890702,53.3201497,none
f9e95f858b4bdc61.jpg,Creme,92.78427887,13,Cill Airne,Ireland,-6.2890702,53.3201497,none
f9e95f858b4bdc61.jpg,Sweets,77.86383057,13,Cill Airne,Ireland,-6.2890702,53.3201497,Food
f9e95f858b4bdc61.jpg,Bakery,73.1255188,13,Cill Airne,Ireland,-6.2890702,53.3201497,Food
f9e95f858b4bdc61.jpg,Shop,73.1255188,13,Cill Airne,Ireland,-6.2890702,53.3201497,Architecture
6b7fff3e230a82f2.jpg,Text,99.91724396,13,Cavan,Ireland,-7.297914,54.026345,none
6b7fff3e230a82f2.jpg,Banner,99.84333038,13,Cavan,Ireland,-7.297914,54.026345,none
6b7fff3e230a82f2.jpg,Human,98.95779419,13,Cavan,Ireland,-7.297914,54.026345,none
6b7fff3e230a82f2.jpg,Person,98.95779419,13,Cavan,Ireland,-7.297914,54.026345,none
6b7fff3e230a82f2.jpg,Label,95.40231323,13,Cavan,Ireland,-7.297914,54.026345,none
6b7fff3e230a82f2.jpg,Crowd,92.51504517,13,Cavan,Ireland,-7.297914,54.026345,Adventure
6b7fff3e230a82f2.jpg,Word,72.7155838,13,Cavan,Ireland,-7.297914,54.026345,none
36354f07e13d3331.jpg,Nature,99.83097076,13,Kilcullen,Ireland,-8.5047067,51.8830697,Nature
36354f07e13d3331.jpg,Outdoors,99.66298676,13,Kilcullen,Ireland,-8.5047067,51.8830697,Nature
36354f07e13d3331.jpg,Night,95.1999054,13,Kilcullen,Ireland,-8.5047067,51.8830697,none
36354f07e13d3331.jpg,Fireworks,94.68941498,13,Kilcullen,Ireland,-8.5047067,51.8830697,none
36354f07e13d3331.jpg,Human,81.576828,13,Kilcullen,Ireland,-8.5047067,51.8830697,none
36354f07e13d3331.jpg,Person,81.576828,13,Kilcullen,Ireland,-8.5047067,51.8830697,none
02ddde1eaccef210.jpg,Person,99.79763031,13,Manorhamilton,Ireland,-8.1722002,54.3051891,none
02ddde1eaccef210.jpg,Human,99.79763031,13,Manorhamilton,Ireland,-8.1722002,54.3051891,none
02ddde1eaccef210.jpg,Clothing,93.13623047,13,Manorhamilton,Ireland,-8.1722002,54.3051891,Adventure
02ddde1eaccef210.jpg,Apparel,93.13623047,13,Manorhamilton,Ireland,-8.1722002,54.3051891,Adventure
02ddde1eaccef210.jpg,Flag,80.38474274,13,Manorhamilton,Ireland,-8.1722002,54.3051891,none
02ddde1eaccef210.jpg,Symbol,80.38474274,13,Manorhamilton,Ireland,-8.1722002,54.3051891,Architecture
02ddde1eaccef210.jpg,Crowd,72.88365173,13,Manorhamilton,Ireland,-8.1722002,54.3051891,Adventure
780ffac1d7e011dd.jpg,Human,99.81380463,13,Milton,United Kingdom,-2.955445,57.6727414,none
780ffac1d7e011dd.jpg,Person,99.81380463,13,Milton,United Kingdom,-2.955445,57.6727414,none
780ffac1d7e011dd.jpg,Vehicle,99.64033508,13,Milton,United Kingdom,-2.955445,57.6727414,Adventure
780ffac1d7e011dd.jpg,Automobile,99.64033508,13,Milton,United Kingdom,-2.955445,57.6727414,Adventure
780ffac1d7e011dd.jpg,Car,99.64033508,13,Milton,United Kingdom,-2.955445,57.6727414,Adventure
780ffac1d7e011dd.jpg,Transportation,99.64033508,13,Milton,United Kingdom,-2.955445,57.6727414,Adventure
780ffac1d7e011dd.jpg,Wheel,87.50389862,13,Milton,United Kingdom,-2.955445,57.6727414,Adventure
780ffac1d7e011dd.jpg,Machine,87.50389862,13,Milton,United Kingdom,-2.955445,57.6727414,none
780ffac1d7e011dd.jpg,Finger,84.19483185,13,Milton,United Kingdom,-2.955445,57.6727414,none
d2a34382d67dd008.jpg,Tree,95.4005127,13,Ashford,Ireland,-6.3828795,53.385304,Nature
d2a34382d67dd008.jpg,Plant,95.4005127,13,Ashford,Ireland,-6.3828795,53.385304,Nature
d2a34382d67dd008.jpg,Building,93.77142334,13,Ashford,Ireland,-6.3828795,53.385304,Architecture
d2a34382d67dd008.jpg,Urban,86.79088593,13,Ashford,Ireland,-6.3828795,53.385304,Architecture
d2a34382d67dd008.jpg,Housing,85.32846832,13,Ashford,Ireland,-6.3828795,53.385304,Architecture
d2a34382d67dd008.jpg,Neighborhood,82.77397919,13,Ashford,Ireland,-6.3828795,53.385304,none
d2a34382d67dd008.jpg,Monastery,78.4234314,13,Ashford,Ireland,-6.3828795,53.385304,Architecture
d2a34382d67dd008.jpg,Architecture,78.4234314,13,Ashford,Ireland,-6.3828795,53.385304,Architecture
d2a34382d67dd008.jpg,City,71.14666748,13,Ashford,Ireland,-6.3828795,53.385304,Architecture
d2a34382d67dd008.jpg,Town,71.14666748,13,Ashford,Ireland,-6.3828795,53.385304,Architecture
375d2f5d4e67fa4e.jpg,Vehicle,99.71942902,13,Marston,United Kingdom,-2.244703,52.721723,Adventure
375d2f5d4e67fa4e.jpg,Truck,99.71942902,13,Marston,United Kingdom,-2.244703,52.721723,Adventure
375d2f5d4e67fa4e.jpg,Transportation,99.71942902,13,Marston,United Kingdom,-2.244703,52.721723,Adventure
375d2f5d4e67fa4e.jpg,Van,96.07566071,13,Marston,United Kingdom,-2.244703,52.721723,none
375d2f5d4e67fa4e.jpg,Automobile,95.92972565,13,Marston,United Kingdom,-2.244703,52.721723,Adventure
375d2f5d4e67fa4e.jpg,Car,95.92972565,13,Marston,United Kingdom,-2.244703,52.721723,Adventure
375d2f5d4e67fa4e.jpg,Machine,85.98825073,13,Marston,United Kingdom,-2.244703,52.721723,none
375d2f5d4e67fa4e.jpg,Wheel,85.98825073,13,Marston,United Kingdom,-2.244703,52.721723,Adventure
375d2f5d4e67fa4e.jpg,Rv,83.97994232,13,Marston,United Kingdom,-2.244703,52.721723,none
375d2f5d4e67fa4e.jpg,Caravan,76.39855194,13,Marston,United Kingdom,-2.244703,52.721723,none
5949b73c44af87da.jpg,Transportation,96.09288025,13,Blessington,Ireland,-8.5111664,51.8858819,Adventure
5949b73c44af87da.jpg,Spaceship,96.09288025,13,Blessington,Ireland,-8.5111664,51.8858819,none
5949b73c44af87da.jpg,Vehicle,96.09288025,13,Blessington,Ireland,-8.5111664,51.8858819,Adventure
5949b73c44af87da.jpg,Aircraft,96.09288025,13,Blessington,Ireland,-8.5111664,51.8858819,Adventure
45e19ca35f580bf7.jpg,Person,98.82061768,13,Aghada,Ireland,-8.4627451,54.25645,none
45e19ca35f580bf7.jpg,Human,98.82061768,13,Aghada,Ireland,-8.4627451,54.25645,none
45e19ca35f580bf7.jpg,Hat,98.724823,13,Aghada,Ireland,-8.4627451,54.25645,Adventure
45e19ca35f580bf7.jpg,Apparel,98.724823,13,Aghada,Ireland,-8.4627451,54.25645,Adventure
45e19ca35f580bf7.jpg,Clothing,98.724823,13,Aghada,Ireland,-8.4627451,54.25645,Adventure
45e19ca35f580bf7.jpg,Furniture,86.26803589,13,Aghada,Ireland,-8.4627451,54.25645,Architecture
45e19ca35f580bf7.jpg,Sitting,79.72006989,13,Aghada,Ireland,-8.4627451,54.25645,none
45e19ca35f580bf7.jpg,Electronics,73.38619995,13,Aghada,Ireland,-8.4627451,54.25645,none
45e19ca35f580bf7.jpg,Table,72.88733673,13,Aghada,Ireland,-8.4627451,54.25645,Architecture
c56704a2279ab3e0.jpg,Plant,99.995224,13,Ballivor,Ireland,-6.1191333,53.1915379,Nature
c56704a2279ab3e0.jpg,Leaf,99.995224,13,Ballivor,Ireland,-6.1191333,53.1915379,Nature
c56704a2279ab3e0.jpg,Person,95.90615845,13,Ballivor,Ireland,-6.1191333,53.1915379,none
c56704a2279ab3e0.jpg,Human,95.90615845,13,Ballivor,Ireland,-6.1191333,53.1915379,none
bf149d9e53142cb6.jpg,Machine,98.92655945,13,Castlepollard,Ireland,-7.2979911,53.6785169,none
bf149d9e53142cb6.jpg,Wheel,98.92655945,13,Castlepollard,Ireland,-7.2979911,53.6785169,Adventure
bf149d9e53142cb6.jpg,Spoke,98.75706482,13,Castlepollard,Ireland,-7.2979911,53.6785169,none
bf149d9e53142cb6.jpg,Alloy Wheel,97.78961945,13,Castlepollard,Ireland,-7.2979911,53.6785169,none
bf149d9e53142cb6.jpg,Tire,95.7437973,13,Castlepollard,Ireland,-7.2979911,53.6785169,Adventure
bf149d9e53142cb6.jpg,Car Wheel,90.7321701,13,Castlepollard,Ireland,-7.2979911,53.6785169,Adventure
bf149d9e53142cb6.jpg,Wristwatch,82.54381561,13,Castlepollard,Ireland,-7.2979911,53.6785169,Adventure
34f1974af126e788.jpg,Scenery,99.94403076,13,Aghada,Ireland,-8.4627451,54.25645,Nature
34f1974af126e788.jpg,Outdoors,99.94403076,13,Aghada,Ireland,-8.4627451,54.25645,Nature
34f1974af126e788.jpg,Nature,99.94403076,13,Aghada,Ireland,-8.4627451,54.25645,Nature
34f1974af126e788.jpg,Landscape,99.94403076,13,Aghada,Ireland,-8.4627451,54.25645,Nature
34f1974af126e788.jpg,Panoramic,99.94403076,13,Aghada,Ireland,-8.4627451,54.25645,none
34f1974af126e788.jpg,Mountain,96.73003387,13,Aghada,Ireland,-8.4627451,54.25645,Nature
34f1974af126e788.jpg,Sunrise,75.81751251,13,Aghada,Ireland,-8.4627451,54.25645,Nature
34f1974af126e788.jpg,Sky,75.81751251,13,Aghada,Ireland,-8.4627451,54.25645,Nature
34f1974af126e788.jpg,Mountain Range,73.71173096,13,Aghada,Ireland,-8.4627451,54.25645,none
44dbbea49e3cf007.jpg,Clothing,99.0513916,13,Cavan,Ireland,-7.297914,54.026345,Adventure
44dbbea49e3cf007.jpg,Tree,99.03974915,13,Cavan,Ireland,-7.297914,54.026345,Nature
44dbbea49e3cf007.jpg,Plant,99.03974915,13,Cavan,Ireland,-7.297914,54.026345,Nature
44dbbea49e3cf007.jpg,Shoe,97.40268707,13,Cavan,Ireland,-7.297914,54.026345,Adventure
44dbbea49e3cf007.jpg,Suit,96.47327423,13,Cavan,Ireland,-7.297914,54.026345,Adventure
44dbbea49e3cf007.jpg,Overcoat,96.47327423,13,Cavan,Ireland,-7.297914,54.026345,Adventure
44dbbea49e3cf007.jpg,Coat,96.47327423,13,Cavan,Ireland,-7.297914,54.026345,Adventure
44dbbea49e3cf007.jpg,Person,94.07064819,13,Cavan,Ireland,-7.297914,54.026345,none
44dbbea49e3cf007.jpg,Tree Trunk,93.82621002,13,Cavan,Ireland,-7.297914,54.026345,Nature
44dbbea49e3cf007.jpg,Tuxedo,76.39214325,13,Cavan,Ireland,-7.297914,54.026345,none
628b61e6819ceb15.jpg,Person,98.5295105,13,Gort,Ireland,-8.9791425,52.8638391,none
628b61e6819ceb15.jpg,Wheel,96.32386017,13,Gort,Ireland,-8.9791425,52.8638391,Adventure
628b61e6819ceb15.jpg,Machine,96.32386017,13,Gort,Ireland,-8.9791425,52.8638391,none
628b61e6819ceb15.jpg,Vehicle,93.89154816,13,Gort,Ireland,-8.9791425,52.8638391,Adventure
628b61e6819ceb15.jpg,Car,93.89154816,13,Gort,Ireland,-8.9791425,52.8638391,Adventure
628b61e6819ceb15.jpg,Transportation,93.89154816,13,Gort,Ireland,-8.9791425,52.8638391,Adventure
628b61e6819ceb15.jpg,Car Show,88.19594574,13,Gort,Ireland,-8.9791425,52.8638391,none
628b61e6819ceb15.jpg,Shoe,87.89800262,13,Gort,Ireland,-8.9791425,52.8638391,Adventure
628b61e6819ceb15.jpg,Tire,78.64434814,13,Gort,Ireland,-8.9791425,52.8638391,Adventure
628b61e6819ceb15.jpg,Truck,77.62417603,13,Gort,Ireland,-8.9791425,52.8638391,Adventure
a20f9699201bdef7.jpg,Person,99.9543457,13,Askeaton,Ireland,-8.9706844,52.6004448,none
a20f9699201bdef7.jpg,Human,99.9543457,13,Askeaton,Ireland,-8.9706844,52.6004448,none
a20f9699201bdef7.jpg,Face,99.9543457,13,Askeaton,Ireland,-8.9706844,52.6004448,none
a20f9699201bdef7.jpg,Beard,96.26946259,13,Askeaton,Ireland,-8.9706844,52.6004448,none
a20f9699201bdef7.jpg,Apparel,92.40723419,13,Askeaton,Ireland,-8.9706844,52.6004448,Adventure
a20f9699201bdef7.jpg,Clothing,92.40723419,13,Askeaton,Ireland,-8.9706844,52.6004448,Adventure
a20f9699201bdef7.jpg,Sweater,71.75318909,13,Askeaton,Ireland,-8.9706844,52.6004448,none
8b9c9c53266f20d8.jpg,Human,99.8527298,13,Swinford,Ireland,-8.9480659,53.940892,none
8b9c9c53266f20d8.jpg,Person,99.8527298,13,Swinford,Ireland,-8.9480659,53.940892,none
8b9c9c53266f20d8.jpg,Automobile,99.7532959,13,Swinford,Ireland,-8.9480659,53.940892,Adventure
8b9c9c53266f20d8.jpg,Vehicle,99.7532959,13,Swinford,Ireland,-8.9480659,53.940892,Adventure
8b9c9c53266f20d8.jpg,Car,99.7532959,13,Swinford,Ireland,-8.9480659,53.940892,Adventure
8b9c9c53266f20d8.jpg,Transportation,99.7532959,13,Swinford,Ireland,-8.9480659,53.940892,Adventure
8b9c9c53266f20d8.jpg,Convertible,98.53771973,13,Swinford,Ireland,-8.9480659,53.940892,none
8b9c9c53266f20d8.jpg,Machine,94.18534088,13,Swinford,Ireland,-8.9480659,53.940892,none
8b9c9c53266f20d8.jpg,Wheel,94.18534088,13,Swinford,Ireland,-8.9480659,53.940892,Adventure
0960466f5012ee3f.jpg,Plant,99.7358017,13,Youghal,Ireland,-7.8434254,51.949401,Nature
0960466f5012ee3f.jpg,Vegetable,97.7459259,13,Youghal,Ireland,-7.8434254,51.949401,Food
0960466f5012ee3f.jpg,Food,97.7459259,13,Youghal,Ireland,-7.8434254,51.949401,Food
0960466f5012ee3f.jpg,Cabbage,97.7459259,13,Youghal,Ireland,-7.8434254,51.949401,none
0960466f5012ee3f.jpg,Kale,97.17024231,13,Youghal,Ireland,-7.8434254,51.949401,none
9ee8b67dbbea5682.jpg,Plant,96.87220764,13,Athlone,Ireland,-7.9428197,53.4231032,Nature
9ee8b67dbbea5682.jpg,Tree,96.87220764,13,Athlone,Ireland,-7.9428197,53.4231032,Nature
9ee8b67dbbea5682.jpg,Mammal,90.99801636,13,Athlone,Ireland,-7.9428197,53.4231032,Nature
9ee8b67dbbea5682.jpg,Horse,90.99801636,13,Athlone,Ireland,-7.9428197,53.4231032,Nature
9ee8b67dbbea5682.jpg,Animal,90.99801636,13,Athlone,Ireland,-7.9428197,53.4231032,Nature
9ee8b67dbbea5682.jpg,Bull,83.31955719,13,Athlone,Ireland,-7.9428197,53.4231032,none
9ee8b67dbbea5682.jpg,Fir,80.44285583,13,Athlone,Ireland,-7.9428197,53.4231032,none
9ee8b67dbbea5682.jpg,Abies,80.44285583,13,Athlone,Ireland,-7.9428197,53.4231032,none
9ee8b67dbbea5682.jpg,Conifer,79.99979401,13,Athlone,Ireland,-7.9428197,53.4231032,none
9ee8b67dbbea5682.jpg,Cattle,78.88301086,13,Athlone,Ireland,-7.9428197,53.4231032,none
679cc65ac6cccb29.jpg,Person,99.49719238,13,Granard,Ireland,-7.5011999,53.776647,none
679cc65ac6cccb29.jpg,Indoors,97.38973999,13,Granard,Ireland,-7.5011999,53.776647,Architecture
679cc65ac6cccb29.jpg,Room,97.38973999,13,Granard,Ireland,-7.5011999,53.776647,Architecture
679cc65ac6cccb29.jpg,Chair,96.48882294,13,Granard,Ireland,-7.5011999,53.776647,Architecture
679cc65ac6cccb29.jpg,Interior Design,91.63004303,13,Granard,Ireland,-7.5011999,53.776647,Architecture
679cc65ac6cccb29.jpg,Screen,91.25505829,13,Granard,Ireland,-7.5011999,53.776647,none
679cc65ac6cccb29.jpg,Crowd,82.17818451,13,Granard,Ireland,-7.5011999,53.776647,Adventure
679cc65ac6cccb29.jpg,Meeting Room,80.75058746,13,Granard,Ireland,-7.5011999,53.776647,none
679cc65ac6cccb29.jpg,Audience,80.46256256,13,Granard,Ireland,-7.5011999,53.776647,none
679cc65ac6cccb29.jpg,Sitting,76.9213028,13,Granard,Ireland,-7.5011999,53.776647,none
a6ab066c6f46ec46.jpg,Brick,99.99607849,13,Prosperous,Ireland,-6.7515223,53.2888321,Architecture
a6ab066c6f46ec46.jpg,Demolition,91.12218475,13,Prosperous,Ireland,-6.7515223,53.2888321,none
a6ab066c6f46ec46.jpg,Plant,76.56378174,13,Prosperous,Ireland,-6.7515223,53.2888321,Nature
d42005af7441ca6c.jpg,Human,97.30260468,13,Shankill,Ireland,-6.124065,53.231395,none
d42005af7441ca6c.jpg,Person,97.30260468,13,Shankill,Ireland,-6.124065,53.231395,none
d42005af7441ca6c.jpg,Text,90.11531067,13,Shankill,Ireland,-6.124065,53.231395,none
d42005af7441ca6c.jpg,Life Buoy,81.37610626,13,Shankill,Ireland,-6.124065,53.231395,none
d42005af7441ca6c.jpg,Home Decor,79.20847321,13,Shankill,Ireland,-6.124065,53.231395,Architecture
9af901483843cbda.jpg,Soil,86.88899231,13,Liverpool,United Kingdom,-1.3347302,54.7598905,Nature
9af901483843cbda.jpg,Flagstone,84.80673981,13,Liverpool,United Kingdom,-1.3347302,54.7598905,none
9af901483843cbda.jpg,Play Area,75.12052917,13,Liverpool,United Kingdom,-1.3347302,54.7598905,none
9af901483843cbda.jpg,Playground,75.12052917,13,Liverpool,United Kingdom,-1.3347302,54.7598905,none
9af901483843cbda.jpg,Ground,72.39550018,13,Liverpool,United Kingdom,-1.3347302,54.7598905,Nature
0bbe2b3c1d4bc02b.jpg,Spiral,76.14345551,13,Fermoy,Ireland,-9.5003786,52.4458588,none
0bbe2b3c1d4bc02b.jpg,Coil,76.14345551,13,Fermoy,Ireland,-9.5003786,52.4458588,none
0bbe2b3c1d4bc02b.jpg,Rotor,76.14345551,13,Fermoy,Ireland,-9.5003786,52.4458588,none
0bbe2b3c1d4bc02b.jpg,Machine,76.14345551,13,Fermoy,Ireland,-9.5003786,52.4458588,none
0bbe2b3c1d4bc02b.jpg,Floor,75.44332123,13,Fermoy,Ireland,-9.5003786,52.4458588,Architecture
2e449fc7200ab0fd.jpg,Plant,99.76145172,13,Swinford,Ireland,-8.9480659,53.940892,Nature
2e449fc7200ab0fd.jpg,Food,98.43532562,13,Swinford,Ireland,-8.9480659,53.940892,Food
2e449fc7200ab0fd.jpg,Fruit,98.43532562,13,Swinford,Ireland,-8.9480659,53.940892,Food
2e449fc7200ab0fd.jpg,Cherry,87.13636017,13,Swinford,Ireland,-8.9480659,53.940892,Food
