,id,first_name,last_name,email,gender,City,Country,Age,Profession,Transport,Architecture,Food,Nature,MainCategory
0,10,Caldwell,Fewlass,cfewlass9@ehow.com,1,43,0,30,1,1,1,3,4,2
1,11,Drusy,Lanaway,dlanawaya@narod.ru,0,38,0,23,0,4,3,1,2,3
2,12,Trish,Purveys,tpurveysb@theguardian.com,0,79,0,34,11,3,3,2,2,3
3,13,Gardie,Bridges,gbridgesc@deliciousdays.com,1,44,1,32,9,3,5,0,2,0
4,14,Hobard,Budd,hbuddd@hatena.ne.jp,1,161,0,18,9,4,3,1,2,3
5,15,Janina,Bratty,jbrattye@ucla.edu,0,123,1,36,3,3,2,2,3,2
6,16,Danyette,Lesley,dlesleyf@earthlink.net,0,46,0,40,9,2,3,1,4,2
7,17,Sibilla,Lauritzen,slauritzeng@netscape.com,0,41,0,37,2,4,5,1,0,0
8,18,Webster,Arnley,warnleyh@istockphoto.com,1,111,1,23,7,3,3,2,2,3
9,19,Benita,Lante,blantei@yale.edu,0,96,1,37,3,5,3,1,1,3
10,20,Willie,Westley,wwestleyj@yellowpages.com,1,124,1,39,8,3,5,2,0,0
11,21,Eugene,Lafay,elafayk@google.cn,1,79,0,39,9,2,3,0,5,2
12,22,Desi,Kenforth,dkenforthl@woothemes.com,1,53,0,24,7,1,4,3,2,0
13,23,Duffie,Ferreli,dferrelim@weather.com,1,73,0,20,11,5,2,0,3,3
14,24,Beatrice,Mannock,bmannockn@wired.com,0,154,0,37,2,3,3,0,4,2
15,25,Marchelle,Hastings,mhastingso@sun.com,0,155,0,38,1,3,5,0,2,0
16,26,Joycelin,Riddington,jriddingtonp@fotki.com,0,122,0,32,3,3,4,0,3,0
17,27,Benedetto,Faustin,bfaustinq@ebay.co.uk,1,29,1,34,2,3,4,0,3,0
18,28,Harp,Simonato,hsimonator@geocities.com,1,7,0,34,1,2,6,0,2,0
19,29,Jorrie,Vedenyakin,jvedenyakins@prweb.com,0,157,1,30,11,3,3,2,2,3
20,30,Cynthy,Houtby,choutbyt@blogs.com,0,37,0,37,9,3,4,1,2,0
21,31,Patrizia,Balding,pbaldingu@w3.org,0,94,1,31,0,4,5,1,0,0
22,32,Dougie,Bothen,dbothenv@noaa.gov,1,19,0,40,3,2,4,0,4,2
23,33,My,Sandyfirth,msandyfirthw@opera.com,1,83,1,28,2,4,4,0,2,3
24,34,Correna,Blase,cblasex@fema.gov,0,90,0,40,4,2,3,2,3,2
25,35,Neville,Greasty,ngreastyy@tuttocitta.it,1,7,0,21,5,3,3,2,2,3
26,36,Dallis,Janout,djanoutz@amazon.de,1,166,1,20,5,4,3,1,2,3
27,37,Brant,Attenbarrow,battenbarrow10@prweb.com,1,44,1,18,7,4,4,1,1,0
28,38,Catharina,Ricciardiello,cricciardiello11@mayoclinic.com,0,6,0,38,4,4,5,0,1,0
29,39,Silvanus,Schruyer,sschruyer12@instagram.com,1,55,0,37,2,2,2,5,1,1
30,40,Annaliese,Ransome,aransome13@joomla.org,0,118,0,22,4,2,0,6,2,1
31,41,Oates,O'Donnelly,oodonnelly14@wikimedia.org,1,3,0,26,11,1,0,5,4,1
32,42,Cord,Lambol,clambol15@youku.com,1,123,1,22,3,6,1,1,2,3
33,43,Deva,Sleet,dsleet16@stumbleupon.com,0,155,0,35,1,2,1,3,4,2
34,44,York,Sammon,ysammon17@hubpages.com,1,146,1,31,9,3,4,1,2,0
35,45,Neill,Ovesen,novesen18@scientificamerican.com,1,98,1,32,11,4,1,1,4,3
36,46,Fritz,Zannutti,fzannutti19@addtoany.com,1,44,1,25,11,1,4,1,4,2
37,47,Donni,Porrett,dporrett1a@chronoengine.com,0,15,0,23,9,1,4,3,2,0
38,48,Eddy,Okell,eokell1b@qq.com,1,146,0,24,8,4,4,1,1,3
39,49,Yancy,Ephgrave,yephgrave1c@who.int,1,147,1,39,3,4,4,0,2,0
40,50,Cammy,Alway,calway1d@wordpress.com,1,124,1,26,4,2,4,2,2,0
41,51,Raynell,Sinclair,rsinclair1e@list-manage.com,0,85,0,36,3,5,2,1,2,3
42,52,Blake,Franckton,bfranckton1f@goo.ne.jp,0,54,0,37,3,0,3,2,5,2
43,53,Ravi,Dearnley,rdearnley1g@livejournal.com,1,103,0,24,1,6,2,2,0,3
44,54,Ira,Disbrow,idisbrow1h@wordpress.org,0,40,0,35,7,3,3,2,2,0
45,55,Alta,Earwicker,aearwicker1i@sun.com,0,85,0,37,2,4,4,0,2,3
46,56,Elnar,Tapsell,etapsell1j@shareasale.com,1,66,0,37,2,3,5,0,2,0
47,57,Allys,O'Gorman,aogorman1k@newsvine.com,0,114,0,20,6,3,1,1,5,2
48,58,Sena,Kopelman,skopelman1l@storify.com,0,159,0,26,3,2,6,1,1,0
49,59,Georgianne,Cunliffe,gcunliffe1m@house.gov,0,138,0,29,8,4,5,0,1,0
50,60,Basia,Chaplin,bchaplin1n@statcounter.com,0,95,0,20,0,3,5,0,2,0
51,61,Moina,Arnopp,marnopp1o@themeforest.net,0,151,0,29,0,3,3,2,2,3
52,62,Corney,Tyne,ctyne1p@prlog.org,1,32,0,30,4,3,4,1,2,0
53,63,Augy,Spelsbury,aspelsbury1q@usa.gov,1,99,0,32,4,0,4,2,4,0
54,64,Quintin,Hardwick,qhardwick1r@cmu.edu,1,165,1,38,2,4,1,2,3,3
55,65,Dougy,Joscelin,djoscelin1s@printfriendly.com,1,66,0,29,0,4,3,1,2,3
56,66,Lanna,Pau,lpau1t@t-online.de,0,67,1,30,3,3,4,1,2,0
57,67,Caron,Leaver,cleaver1u@mapy.cz,0,155,0,25,6,7,0,1,2,3
58,68,Alyse,Jean,ajean1v@utexas.edu,0,143,0,35,1,3,5,1,1,0
59,69,Filberte,Anger,fanger1w@apache.org,1,102,0,28,9,2,2,2,4,2
60,70,Shermy,Bonnick,sbonnick1x@bandcamp.com,1,29,1,25,1,2,1,5,2,1
61,71,Selie,Robertucci,srobertucci1y@upenn.edu,0,20,0,30,11,6,1,1,2,3
62,72,Tristam,Domokos,tdomokos1z@narod.ru,1,157,1,30,3,1,6,0,3,0
63,73,Gareth,Ferraraccio,gferraraccio20@cnn.com,1,82,0,29,2,4,2,1,3,3
64,74,Bettye,Beet,bbeet21@comcast.net,0,98,1,25,3,0,4,1,5,0
65,75,Lilias,Cock,lcock22@51.la,0,36,0,25,0,3,4,0,3,0
66,76,Bathsheba,McPolin,bmcpolin23@edublogs.org,0,124,1,39,4,1,3,4,2,1
67,77,Grazia,Ferrai,gferrai24@techcrunch.com,0,110,0,26,4,6,1,1,2,3
68,78,Erny,Gandey,egandey25@narod.ru,1,12,0,31,7,2,2,2,4,2
69,79,Madelon,Hellewell,mhellewell26@cafepress.com,0,148,0,40,11,3,4,1,2,0
70,80,Jay,Deacock,jdeacock27@reference.com,1,139,0,18,5,4,4,0,2,0
71,81,Reilly,Graddell,rgraddell28@msn.com,1,136,0,22,9,3,4,1,2,0
72,82,Rowan,Boatwright,rboatwright29@tamu.edu,1,1,0,35,6,3,3,1,3,2
73,83,Aprilette,Mixture,amixture2a@wired.com,0,146,1,22,5,4,1,2,3,3
74,84,Dukey,Bedow,dbedow2b@ox.ac.uk,1,98,1,39,9,6,3,0,1,3
75,85,Cecilio,Evamy,cevamy2c@sina.com.cn,1,28,1,27,6,1,6,1,2,0
76,86,Sophie,Alps,salps2d@networkadvertising.org,0,35,0,22,9,3,4,1,2,0
77,87,Becka,Palethorpe,bpalethorpe2e@hexun.com,0,52,0,27,4,3,3,0,4,2
78,88,Janenna,Wile,jwile2f@gnu.org,0,50,0,37,2,2,4,0,4,2
79,89,Sammy,Blades,sblades2g@wsj.com,1,130,0,25,2,1,4,1,4,2
80,90,Carol-jean,Eddisforth,ceddisforth2h@digg.com,0,144,1,19,8,5,3,0,2,3
81,91,Spense,Gerbi,sgerbi2i@nhs.uk,1,120,0,26,2,3,3,1,3,2
82,92,Sebastien,Wilber,swilber2j@walmart.com,1,150,0,21,3,3,1,5,1,1
83,93,Micheline,Bhatia,mbhatia2k@dailymail.co.uk,0,2,0,19,4,1,5,0,4,0
84,94,Lindi,Paz,lpaz2l@tinypic.com,0,117,0,38,3,2,4,0,4,2
85,95,Neale,Morrott,nmorrott2m@sun.com,1,102,0,21,3,5,3,1,1,3
86,96,Lurlene,Dartnell,ldartnell2n@noaa.gov,0,79,0,33,10,1,2,1,6,2
87,97,Tabor,Ebbin,tebbin2o@google.com.au,1,163,1,40,3,6,2,1,1,3
88,98,Pall,Tzuker,ptzuker2p@sina.com.cn,1,69,0,28,11,1,5,0,4,0
89,99,Chiquita,Kinchley,ckinchley2q@ycombinator.com,0,8,0,21,1,3,3,1,3,0
90,100,Welbie,Burgum,wburgum2r@tinyurl.com,1,0,0,35,2,2,4,2,2,0
91,101,Cale,Ferrulli,cferrulli2s@amazon.de,1,158,1,27,1,3,4,0,3,0
92,102,Celine,Vernalls,cvernalls2t@shareasale.com,0,76,1,35,2,3,4,1,2,0
93,103,Clarke,Godilington,cgodilington2u@reddit.com,1,89,1,22,8,3,3,0,4,2
94,104,Kile,Gouny,kgouny2v@t-online.de,1,41,0,40,9,3,6,0,1,0
95,105,Lewie,Caselli,lcaselli2w@nasa.gov,1,158,1,27,0,4,3,1,2,3
96,106,Lotty,Boner,lboner2x@google.it,0,53,0,26,10,2,2,2,4,2
97,107,Ailene,Hulburd,ahulburd2y@google.com.au,0,24,1,24,6,0,6,1,3,0
98,108,Trueman,Yeeles,tyeeles2z@com.com,1,22,0,25,3,2,4,1,3,0
99,109,Josselyn,Halstead,jhalstead30@comcast.net,0,62,0,28,8,3,2,0,5,2
100,110,Delores,Picker,dpicker31@state.tx.us,0,90,0,34,6,4,2,2,2,3
101,111,Roderic,Gladstone,rgladstone32@globo.com,1,111,1,27,8,3,4,0,3,0
102,112,Skipp,Eul,seul33@nsw.gov.au,1,164,0,27,1,3,5,0,2,0
103,113,Cindy,Landsbury,clandsbury34@sbwire.com,0,108,1,37,9,3,3,0,4,2
104,114,Paolina,Fell,pfell35@telegraph.co.uk,0,153,0,31,2,4,4,1,1,3
105,115,Barry,Bonellie,bbonellie36@flickr.com,0,66,0,37,3,1,4,2,3,0
106,116,Lynnett,Palister,lpalister37@ehow.com,0,106,0,37,9,3,2,1,4,2
107,117,Cathee,Woodcroft,cwoodcroft38@vimeo.com,0,126,1,19,1,5,1,2,2,3
108,118,Shea,Goacher,sgoacher39@foxnews.com,0,69,0,30,8,2,4,2,2,0
109,119,Tracy,Unwin,tunwin3a@xinhuanet.com,1,119,0,24,4,2,4,2,2,0
110,120,Huntley,Rowthorn,hrowthorn3b@cam.ac.uk,1,138,0,31,3,4,5,0,1,0
111,121,Lelah,Markwick,lmarkwick3c@delicious.com,0,65,0,38,9,5,3,0,2,3
112,122,Cassandry,Taillard,ctaillard3d@youtube.com,0,140,0,34,2,3,3,2,2,0
113,123,Diane-marie,O'Connolly,doconnolly3e@seattletimes.com,0,46,0,39,0,1,4,2,3,0
114,124,Ulick,Willmetts,uwillmetts3f@nhs.uk,1,32,0,35,3,3,3,2,2,3
115,125,Erastus,Maxwell,emaxwell3g@hud.gov,1,80,0,31,7,5,3,0,2,3
116,126,Orelie,Cotte,ocotte3h@amazonaws.com,0,16,0,20,5,4,3,2,1,3
117,127,Lizette,Liddicoat,lliddicoat3i@live.com,0,121,1,18,6,2,4,1,3,0
118,128,Antonella,Eakeley,aeakeley3j@craigslist.org,0,26,0,34,4,3,4,0,3,0
119,129,Barrie,Whild,bwhild3k@dropbox.com,0,23,0,39,11,4,3,2,1,3
120,130,Mercy,Daily,mdaily3l@free.fr,0,79,0,29,0,1,6,1,2,0
121,131,Roana,Luter,rluter3m@bloglovin.com,0,133,0,38,11,1,3,2,4,2
122,132,Nathalia,Le-Good,nlegood3n@goodreads.com,0,70,0,33,10,4,3,0,3,3
123,133,Bevan,Karsh,bkarsh3o@vinaora.com,1,55,0,23,1,4,2,0,4,2
124,134,Tiphany,Blanchette,tblanchette3p@geocities.jp,0,58,0,23,1,5,1,1,3,3
125,135,Faustine,Sanham,fsanham3q@go.com,0,2,0,27,3,4,1,2,3,3
126,136,Alexei,Hawes,ahawes3r@latimes.com,1,97,1,31,0,3,2,2,3,2
127,137,Teodor,Stanman,tstanman3s@storify.com,1,44,1,39,10,2,6,1,1,0
128,138,Lilias,Gianiello,lgianiello3t@scientificamerican.com,0,33,0,37,1,2,5,3,0,0
129,139,Edy,Shepstone,eshepstone3u@1und1.de,0,37,0,26,4,4,6,0,0,0
130,140,Brandy,Scarth,bscarth3v@rambler.ru,1,46,0,22,6,6,3,0,1,3
131,141,Orazio,Hightown,ohightown3w@com.com,1,161,0,27,1,2,5,0,3,0
132,142,Putnem,McRory,pmcrory3x@scribd.com,1,58,0,25,10,4,1,0,5,2
133,143,Ivan,Duddan,iduddan3y@fastcompany.com,1,109,0,33,3,2,3,1,4,2
134,144,Sharyl,Bottrill,sbottrill3z@yellowpages.com,0,136,0,35,2,3,4,1,2,0
135,145,Tarah,Copner,tcopner40@technorati.com,0,99,0,27,6,1,1,8,0,1
136,146,Lilian,Pond,lpond41@bbb.org,0,163,1,31,9,1,2,3,4,2
137,147,Robbi,Hanfrey,rhanfrey42@china.com.cn,0,124,1,34,11,0,3,6,1,1
138,148,Gleda,Warwicker,gwarwicker43@oakley.com,0,34,0,26,2,2,2,0,6,2
139,149,Ulrich,Faichnie,ufaichnie44@tiny.cc,1,86,0,38,2,1,2,2,5,2
140,150,Margalo,Vasilic,mvasilic45@youtu.be,0,13,0,38,8,3,3,0,4,2
141,151,Sarena,Elsip,selsip46@wikimedia.org,0,60,0,32,4,2,5,2,1,0
142,152,Karilynn,MacDougal,kmacdougal47@netscape.com,0,9,0,36,8,2,2,2,4,2
143,153,Ferdy,Chatelain,fchatelain48@geocities.jp,1,124,1,19,3,2,5,1,2,0
144,154,Kienan,McConigal,kmcconigal49@taobao.com,1,38,0,37,8,5,3,0,2,3
145,155,Juliet,Scampion,jscampion4a@de.vu,0,87,0,35,2,2,2,4,2,1
146,156,Jamie,Caw,jcaw4b@disqus.com,1,86,0,19,5,4,3,2,1,3
147,157,Timoteo,Moulson,tmoulson4c@networkadvertising.org,1,51,0,26,10,4,3,0,3,3
148,158,Maura,Cornbell,mcornbell4d@paypal.com,0,9,0,27,5,3,3,1,3,3
149,159,Adiana,Abdon,aabdon4e@opensource.org,0,97,1,20,6,3,5,1,1,0
150,160,Melody,Tiron,mtiron4f@oracle.com,0,114,0,40,9,2,4,2,2,0
151,161,Agna,Barfitt,abarfitt4g@cnn.com,0,50,0,40,11,2,3,4,1,1
152,162,Daniela,Krauss,dkrauss4h@newyorker.com,0,56,1,36,3,2,3,1,4,2
153,163,Mose,Gillbe,mgillbe4i@techcrunch.com,1,100,0,39,1,4,3,1,2,3
154,164,Sigismund,Shailer,sshailer4j@odnoklassniki.ru,1,151,0,24,2,5,1,1,3,3
155,165,Elene,MacKniely,emackniely4k@digg.com,0,126,1,22,10,4,4,2,0,0
156,166,Keen,Mallall,kmallall4l@nsw.gov.au,1,143,0,25,11,0,4,4,2,1
157,167,Nataline,Lathey,nlathey4m@pen.io,0,160,1,39,6,3,5,0,2,0
158,168,Dian,Taggett,dtaggett4n@mapquest.com,0,127,0,22,2,4,1,1,4,3
159,169,Mikkel,Helversen,mhelversen4o@yelp.com,1,74,1,32,8,5,1,2,2,3
160,170,Hailey,Fleeman,hfleeman4p@marriott.com,1,15,0,34,3,3,3,1,3,2
161,171,Rourke,Verity,rverity4q@google.de,1,126,1,39,8,3,4,0,3,0
162,172,Les,Vogeller,lvogeller4r@independent.co.uk,1,125,1,28,0,3,4,1,2,0
163,173,Tirrell,Marling,tmarling4s@chron.com,1,77,0,22,3,4,3,0,3,3
164,174,Jessica,Postin,jpostin4t@diigo.com,0,163,1,27,10,4,1,1,4,3
165,175,Odo,Joll,ojoll4u@networkadvertising.org,1,63,0,34,5,2,5,0,3,0
166,176,Evy,Nestle,enestle4v@amazon.co.jp,0,134,0,40,1,4,3,1,2,3
167,177,Calypso,Plaskitt,cplaskitt4w@clickbank.net,0,49,0,18,8,2,2,4,2,1
168,178,Denver,d'Arcy,ddarcy4x@imgur.com,1,58,0,26,10,3,3,1,3,2
169,179,Wilmar,Tarbet,wtarbet4y@delicious.com,1,56,1,33,7,4,3,0,3,3
170,180,Gilberta,Drogan,gdrogan4z@discuz.net,0,126,1,34,2,4,4,2,0,0
171,181,George,Myring,gmyring50@networkadvertising.org,0,84,0,26,2,3,4,1,2,0
172,182,Georgianna,Hovy,ghovy51@issuu.com,0,71,0,26,9,5,3,0,2,3
173,183,Jerrold,Cheverton,jcheverton52@example.com,1,79,0,23,7,3,4,1,2,0
174,184,Xena,Satchell,xsatchell53@narod.ru,0,115,0,29,6,2,3,0,5,2
175,185,Bettine,Dickman,bdickman54@reverbnation.com,0,113,0,36,10,1,5,1,3,0
176,186,Nerte,Hambleton,nhambleton55@flavors.me,0,18,0,18,11,4,3,0,3,3
177,187,Archibold,Antoons,aantoons56@slate.com,1,151,0,32,5,0,4,2,4,0
178,188,Giuditta,Camili,gcamili57@foxnews.com,0,93,1,20,3,3,1,4,2,1
179,189,Lion,Catherine,lcatherine58@cornell.edu,1,98,1,31,6,2,3,2,3,2
180,190,Tamar,Taynton,ttaynton59@bluehost.com,0,116,0,30,9,3,3,1,3,2
181,191,Ganny,Chainey,gchainey5a@salon.com,1,21,0,22,2,5,1,2,2,3
182,192,Ashby,Vedstra,avedstra5b@shop-pro.jp,1,88,0,20,10,2,5,0,3,0
183,193,Sarina,Eckels,seckels5c@upenn.edu,0,118,0,38,5,3,0,4,3,1
184,194,Letti,Trevon,ltrevon5d@devhub.com,0,113,0,33,7,3,2,1,4,3
185,195,Willard,Brill,wbrill5e@nytimes.com,1,145,1,30,4,7,1,0,2,3
186,196,Silvanus,Dafforne,sdafforne5f@psu.edu,1,39,0,26,3,4,4,1,1,0
187,197,Kira,Lorraine,klorraine5g@elegantthemes.com,0,131,1,18,8,2,5,1,2,0
188,198,Dyanna,Castelli,dcastelli5h@freewebs.com,0,58,0,36,6,3,3,0,4,2
189,199,Benito,Clail,bclail5i@uol.com.br,1,41,0,18,1,3,3,4,0,1
190,200,Mal,Mulqueen,mmulqueen5j@rakuten.co.jp,1,0,0,28,3,1,2,1,6,2
191,201,Rafi,Haps,rhaps5k@pinterest.com,1,111,1,33,9,4,2,1,3,3
192,202,Madonna,Andrey,mandrey5l@last.fm,0,65,0,21,2,2,4,0,4,2
193,203,Ag,Seamans,aseamans5m@va.gov,0,82,0,35,9,3,3,1,3,3
194,204,Lanna,McKissack,lmckissack5n@jiathis.com,0,57,1,40,9,2,5,1,2,0
195,205,Roger,Dablin,rdablin5o@yellowbook.com,1,157,1,31,3,1,3,1,5,2
196,206,Marnia,Bryer,mbryer5p@webs.com,0,10,0,19,3,2,3,4,1,1
197,207,Jules,Janik,jjanik5q@netlog.com,1,100,0,22,6,1,5,1,3,0
198,208,Mamie,Reedman,mreedman5r@wp.com,0,35,0,39,9,7,2,0,1,3
199,209,Stevana,Fippe,sfippe5s@usa.gov,0,162,1,21,1,5,4,0,1,3
200,210,Harley,Hardie,hhardie5t@google.co.jp,1,6,0,32,5,6,3,0,1,3
201,211,Beltran,Smaling,bsmaling5u@lycos.com,1,106,0,31,11,3,2,2,3,2
202,212,Carree,Ritchie,critchie5v@nps.gov,0,162,1,20,11,2,1,4,3,1
203,213,Griffie,Stennine,gstennine5w@imdb.com,1,20,0,18,1,0,5,2,3,0
204,214,Ginevra,Gocke,ggocke5x@nytimes.com,0,35,0,22,4,3,4,0,3,0
205,215,Farr,Roback,froback5y@shareasale.com,1,150,0,21,11,5,2,1,2,3
206,216,Hedi,Carstairs,hcarstairs5z@bloglines.com,0,135,0,30,9,5,2,1,2,3
207,217,Brooks,Lochrie,blochrie60@paypal.com,1,128,1,36,11,2,4,1,3,0
208,218,Natalee,Finders,nfinders61@wix.com,0,59,0,33,1,1,8,1,0,0
209,219,Barbette,Ahrend,bahrend62@blinklist.com,0,72,0,32,1,1,3,2,4,2
210,220,Eleonore,Hackinge,ehackinge63@yahoo.com,0,167,0,35,2,4,2,2,2,3
211,221,Sioux,Tschirschky,stschirschky64@smh.com.au,0,42,1,20,2,1,4,0,5,2
212,222,Rog,Boick,rboick65@engadget.com,1,129,0,21,0,2,6,0,2,0
213,223,Marget,Bruckmann,mbruckmann66@theguardian.com,0,28,1,32,11,1,2,0,7,2
214,224,Theodora,Sandry,tsandry67@surveymonkey.com,0,75,0,38,5,2,3,3,2,1
215,225,Nadean,Ockwell,nockwell68@intel.com,0,77,0,22,3,3,3,0,4,2
216,226,Marguerite,Gunning,mgunning69@ox.ac.uk,0,141,0,30,9,4,2,0,4,2
217,227,Bernarr,Ditchburn,bditchburn6a@wordpress.org,1,21,0,25,11,1,4,1,4,2
218,228,Joelle,Dillistone,jdillistone6b@wikimedia.org,0,105,1,40,7,3,1,4,0,1
219,229,Rick,Wheaton,rwheaton6c@mtv.com,1,137,0,26,7,3,3,1,3,2
220,230,Chelsy,Pedler,cpedler6d@blinklist.com,0,6,0,21,9,5,3,0,2,3
221,231,Roma,Dysert,rdysert6e@woothemes.com,1,121,1,25,0,3,2,1,4,2
222,232,Terese,Halburton,thalburton6f@eepurl.com,0,142,1,22,1,5,3,1,1,3
223,233,Mayor,Borris,mborris6g@gravatar.com,1,64,0,18,7,3,4,0,3,0
224,234,Elisabetta,Husk,ehusk6h@weather.com,0,96,1,35,3,6,3,0,1,3
225,235,Artair,Sigert,asigert6i@narod.ru,1,81,0,32,8,4,4,0,2,3
226,236,Odilia,Ech,oech6j@php.net,0,98,1,40,1,4,2,1,3,3
227,237,Bryna,Sturgeon,bsturgeon6k@wix.com,0,88,0,31,11,2,3,1,4,2
228,238,Serene,Beatens,sbeatens6l@howstuffworks.com,0,11,0,32,11,4,3,1,2,3
229,239,Lionel,Stockney,lstockney6m@naver.com,1,149,0,19,0,1,5,1,3,0
230,240,Mitzi,Antrag,mantrag6n@berkeley.edu,0,100,0,33,8,3,4,2,1,0
231,241,Dudley,Benedit,dbenedit6o@ask.com,1,44,1,27,9,3,6,0,1,0
232,242,Norina,Faull,nfaull6p@bigcartel.com,0,112,0,29,1,5,2,1,2,3
233,243,Alphonso,Baltrushaitis,abaltrushaitis6q@desdev.cn,1,61,0,39,10,3,4,0,3,0
234,244,Iggie,Chedgey,ichedgey6r@google.nl,1,89,1,27,6,2,3,2,3,3
235,245,Halimeda,Edgeson,hedgeson6s@simplemachines.org,0,108,1,28,5,3,3,1,3,2
236,246,Ella,Cosby,ecosby6t@oracle.com,0,167,0,38,5,4,3,1,2,3
237,247,Jabez,Orvis,jorvis6u@so-net.ne.jp,1,5,1,39,8,3,3,3,1,1
238,248,Siana,Estick,sestick6v@networkadvertising.org,0,66,0,33,0,1,3,0,6,2
239,249,Risa,Hitter,rhitter6w@ibm.com,0,17,0,33,7,2,4,1,3,0
240,250,Davy,Ditts,dditts6x@tinyurl.com,1,144,1,34,6,4,3,1,2,3
241,251,Mala,Tern,mtern6y@noaa.gov,0,146,0,20,4,2,3,1,4,2
242,252,Nance,Bayles,nbayles6z@last.fm,0,89,1,33,4,4,2,1,3,3
243,253,Marquita,Roust,mroust70@cyberchimps.com,0,165,1,34,4,5,0,1,4,3
244,254,Fabian,McAllan,fmcallan71@illinois.edu,1,86,0,22,7,5,3,1,1,3
245,255,Candie,Lishman,clishman72@fotki.com,0,25,1,31,0,2,2,3,3,1
246,256,Ike,Oxberry,ioxberry73@disqus.com,1,92,0,21,11,4,3,2,1,3
247,257,Gal,Cash,gcash74@bing.com,1,104,0,20,7,4,4,1,1,3
248,258,Dasie,Tran,dtran75@gizmodo.com,0,30,1,33,7,5,2,1,2,3
249,259,Federica,Kordovani,fkordovani76@google.co.jp,0,2,0,33,9,6,3,0,1,3
250,260,Rheta,Poland,rpoland77@mit.edu,0,121,1,30,2,2,2,4,2,1
251,261,Tim,Wyrill,twyrill78@eepurl.com,1,29,1,28,5,4,2,4,0,1
252,262,Symon,Westbrook,swestbrook79@netlog.com,1,94,1,34,3,4,2,0,4,2
253,263,Arlina,Malin,amalin7a@toplist.cz,0,48,0,34,3,5,3,0,2,3
254,264,Nertie,Dunster,ndunster7b@rediff.com,0,14,0,30,5,3,1,5,1,1
255,265,Camey,Plaistowe,cplaistowe7c@techcrunch.com,1,47,0,27,2,3,4,1,2,0
256,266,Bridgette,Manie,bmanie7d@forbes.com,0,87,0,20,9,3,2,1,4,2
257,267,Iona,Surridge,isurridge7e@guardian.co.uk,0,102,0,27,8,3,4,2,1,0
258,268,Oliviero,Wisam,owisam7f@flavors.me,1,101,0,34,5,2,3,3,2,1
259,269,Carlo,Gofton,cgofton7g@usda.gov,1,88,0,32,6,3,3,2,2,0
260,270,Hammad,Eddoes,heddoes7h@seattletimes.com,1,68,1,40,11,2,3,0,5,2
261,271,Shanon,Cluff,scluff7i@exblog.jp,0,19,0,34,6,3,3,2,2,0
262,272,Ronnica,Gunter,rgunter7j@discuz.net,0,138,0,27,6,5,3,0,2,3
263,273,Marcelline,Kenrack,mkenrack7k@cnn.com,0,61,0,22,0,0,5,1,4,0
264,274,Farr,Parsand,fparsand7l@istockphoto.com,1,132,0,27,10,3,4,0,3,0
265,275,Vanni,Lutsch,vlutsch7m@weather.com,0,12,0,37,0,1,1,6,2,1
266,276,Sterling,McClinton,smcclinton7n@webnode.com,1,137,0,33,4,4,3,2,1,3
267,277,Julianne,Hafner,jhafner7o@whitehouse.gov,0,134,0,36,2,4,1,1,4,2
268,278,Zeb,Pigden,zpigden7p@soup.io,1,78,0,19,7,1,5,2,2,0
269,279,Mildrid,Bean,mbean7q@squarespace.com,0,44,1,26,11,4,3,1,2,3
270,280,Adella,Kelley,akelley7r@google.com.hk,0,31,0,31,5,5,3,0,2,3
271,281,Charissa,Dumberrill,cdumberrill7s@smugmug.com,0,78,0,19,11,1,4,1,4,2
272,282,Stacey,Sedman,ssedman7t@webnode.com,0,71,0,18,11,5,2,1,2,3
273,283,Brendan,Panichelli,bpanichelli7u@lycos.com,1,9,0,24,8,3,2,2,3,2
274,284,Arthur,Marmion,amarmion7v@phpbb.com,1,156,0,26,3,3,2,4,1,1
275,285,Ebeneser,Garside,egarside7w@merriam-webster.com,1,91,0,25,2,3,4,1,2,3
276,286,Mariquilla,Temple,mtemple7x@google.co.uk,0,97,1,33,1,2,1,1,6,2
277,287,Brion,Neathway,bneathway7y@godaddy.com,1,38,0,34,10,3,6,1,0,0
278,288,Audry,Dron,adron7z@ning.com,0,126,1,23,1,1,4,0,5,2
279,289,Basilio,Hawgood,bhawgood80@blogspot.com,1,2,0,38,4,3,5,1,1,0
280,290,Zackariah,Fleischmann,zfleischmann81@mayoclinic.com,1,107,1,27,6,2,2,1,5,2
281,291,Chad,Tumayan,ctumayan82@apache.org,1,0,0,39,7,5,2,1,2,3
282,292,Rosie,Cheverton,rcheverton83@skyrock.com,0,109,0,19,11,4,5,0,1,0
283,293,Lethia,Ebertz,lebertz84@berkeley.edu,0,45,0,38,6,5,2,1,2,3
284,294,Orren,Lemon,olemon85@salon.com,1,87,0,35,6,4,6,0,0,0
285,295,Yardley,Dodman,ydodman86@japanpost.jp,1,152,0,30,11,2,5,0,3,0
286,296,Emilio,Lambol,elambol87@wufoo.com,1,4,0,36,5,3,2,4,1,1
287,297,Leodora,Melling,lmelling88@google.cn,0,27,1,21,8,5,1,1,3,3
288,298,Abdul,Dedon,adedon89@facebook.com,1,41,0,27,11,4,3,2,1,3
289,299,Anatole,Spradbrow,aspradbrow8a@phoca.cz,1,95,0,29,0,5,0,1,4,3
290,300,Hobart,Shreve,hshreve8b@angelfire.com,1,164,0,39,3,2,4,1,3,0
